"DESCRIPTION","DURATION IN MS","NAME","PARENT SUITE","START TIME","STATUS","STOP TIME","SUB SUITE","SUITE","TEST CLASS","TEST METHOD"
"","1847","Debe avanzar al step 'Select Topic' al dar Next","ğŸ“˜ FEATURE â€” Agendamiento Manual Externo","2026-01-22","passed","2026-01-22","","TC17 â€” Pasar Select Attendees (mÃ­nimos obligatorios)","",""
"","26733","Comprobar elementos en el campo y solo elegir 1 elemento","ğŸ“˜ FEATURE â€” ValoraciÃ³n Inicial - Instancia Salesforce","2026-01-26","passed","2026-01-26","","TC39 â€” Validar campo Â¿Usted usa Auxiliar auditivo?","",""
"","25379","El terapeuta no debe ver el campo Nacionalidad","ğŸ“˜ FEATURE â€” ValoraciÃ³n Inicial - Instancia Salesforce","2026-01-26","passed","2026-01-26","","TC10 â€” Verificar que el campo Nacionalidad no sea visible","",""
"","40428","Se muestra mensaje de validaciÃ³n indicando que solo se permite capturar nÃºmeros","ğŸ“˜ FEATURE â€” ValoraciÃ³n Inicial - Instancia Salesforce","2026-01-26","failed","2026-01-26","","TC05 â€” Verificar campo TelÃ©fono solo acepte numeros","",""
"","6","Debe generar Task de error por falta de disponibilidad semanal","ğŸ“˜ FEATURE â€” Agendamiento Automatico Hospitalizacion","2026-01-22","broken","2026-01-22","","TC32 â€” Agendamiento semanal sin disponibilidad (Task de error)","",""
"","28150","Comprobar elementos en el campo y solo elegir 1 elemento","ğŸ“˜ FEATURE â€” ValoraciÃ³n Inicial - Instancia Salesforce","2026-01-26","passed","2026-01-26","","TC53 â€” Validar campo Â¿Fumas actualmente o has fumado antes?","",""
"","27103","Comprobar elementos en el campo y solo elegir 1 elemento","ğŸ“˜ FEATURE â€” ValoraciÃ³n Inicial - Instancia Salesforce","2026-01-26","passed","2026-01-26","","TC38 â€” Validar campo Â¿Usted usa Marcapasos?","",""
"","34773","Comprobar elementos en el campo y solo elegir 1 elemento","ğŸ“˜ FEATURE â€” ValoraciÃ³n Inicial - Instancia Salesforce","2026-01-26","passed","2026-01-26","","TC85 â€” Validar campo Dolor EVA","",""
"","27550","El campo solo debe aceptar texto, inidicar con un mensaje de advertencia","ğŸ“˜ FEATURE â€” ValoraciÃ³n Inicial - Instancia Salesforce","2026-01-26","failed","2026-01-26","","TC29 â€” Validar campo MÃ©dico tratante","",""
"","2209","Debe mostrar todas las terapias de externo","ğŸ“˜ FEATURE â€” Agendamiento Manual Externo","2026-01-22","failed","2026-01-22","","TC18 â€” Validar listado de terapias","",""
"","29973","Comprobar elementos en el campo y solo elegir 1 elemento","ğŸ“˜ FEATURE â€” ValoraciÃ³n Inicial - Instancia Salesforce","2026-01-26","passed","2026-01-26","","TC71 â€” Validar campo Â¿Ha sentido recientemente mareos, inestabilidad o dificultad para mantener el equilibrio al caminar o estar de pie?","",""
"","9","Debe mostrarse Frecuencia, Fecha y Ãrea de AtenciÃ³n","ğŸ“˜ FEATURE â€” Agendamiento Automatico Hospitalizacion","2026-01-22","broken","2026-01-22","","TC02 â€” Formulario: campos clave visibles","",""
"","30031","Comprobar elementos en el campo y solo elegir 1 elemento","ğŸ“˜ FEATURE â€” ValoraciÃ³n Inicial - Instancia Salesforce","2026-01-26","passed","2026-01-26","","TC72 â€” Validar campo Â¿EstÃ¡ tomando algÃºn medicamento que le cause somnolencia, mareos o debilidad?","",""
"","25290","El campo paciente deberÃ¡ mostrar el nombre completo del paciente","ğŸ“˜ FEATURE â€” ValoraciÃ³n Inicial - Instancia Salesforce","2026-01-27","passed","2026-01-27","","TC01 â€” Validar nombre completo","",""
"","27077","Comprobar elementos en el campo y solo elegir 1 elemento","ğŸ“˜ FEATURE â€” ValoraciÃ³n Inicial - Instancia Salesforce","2026-01-26","passed","2026-01-26","","TC37 â€” Validar campo Condiciones mÃ©dicas previas","",""
"","23227","Guardado de campos correctamente y visibilidad de los campos","ğŸ“˜ FEATURE â€” ValoraciÃ³n Inicial - Instancia Salesforce","2026-01-26","failed","2026-01-26","","TC104 â€” Ingresar como coordinaciÃ³n valores correctos en los campos de cada secciÃ³n del componente de valoraciÃ³n inicial","",""
"","6","No debe permitir agregar terapia sin seleccionar una","ğŸ“˜ FEATURE â€” Agendamiento Automatico Hospitalizacion","2026-01-22","broken","2026-01-22","","TC22 â€” Validar agregar sin terapia seleccionada","",""
"","8669","Debe funcionar correctamente cuando se selecciona ""Si""","ğŸ“˜ FEATURE â€” ValoraciÃ³n Inicial - Instancia Salesforce","2026-01-26","failed","2026-01-26","","TC48 â€” Validar campo Â¿CuÃ¡l fue la enfermadad importante cuando eras niÃ±o o niÃ±a?","",""
"","7","Debe eliminar la terapia previa al cambiar el Ã¡rea","ğŸ“˜ FEATURE â€” Agendamiento Automatico Hospitalizacion","2026-01-22","broken","2026-01-22","","TC17 â€” Cambio de Ã¡rea elimina terapias no compatibles","",""
"","9","Debe mostrar la cita existente en el calendario","ğŸ“˜ FEATURE â€” Agendamiento Automatico Hospitalizacion","2026-01-22","broken","2026-01-22","","TC16 â€” Validar cita agendada en calendario","",""
"","29504","Comprobar elementos en el campo y solo elegir 1 elemento","ğŸ“˜ FEATURE â€” ValoraciÃ³n Inicial - Instancia Salesforce","2026-01-26","passed","2026-01-26","","TC82 â€” Validar campo Â¿Suele evitar pedir ayuda para levantarse, caminar o hacer actividades aunque sienta que lo necesita?","",""
"","7","Debe agendar citas desde hoy hasta el fin de la semana","ğŸ“˜ FEATURE â€” Agendamiento Automatico Hospitalizacion","2026-01-22","broken","2026-01-22","","TC31 â€” Agendamiento semanal","",""
"","7","Debe crear la cita y visualizarla en el calendario","ğŸ“˜ FEATURE â€” Agendamiento Automatico Hospitalizacion","2026-01-22","broken","2026-01-22","","TC34 â€” Validar horarios disponibles por Territorios de servicio vs terapias asignadas","",""
"","27616","Comprobar elementos en el campo y solo elegir 1 elemento","ğŸ“˜ FEATURE â€” ValoraciÃ³n Inicial - Instancia Salesforce","2026-01-26","passed","2026-01-26","","TC34 â€” Validar campo Alergias","",""
"","27109","El campo solo debe aceptar texto, inidicar con un mensaje de advertencia","ğŸ“˜ FEATURE â€” ValoraciÃ³n Inicial - Instancia Salesforce","2026-01-26","failed","2026-01-26","","TC30 â€” Validar campo Â¿Tiene algÃºn diagnÃ³stico o cual es el motivo de su visita?","",""
"","10","Debe crear la cita y validarse en calendario y registro","ğŸ“˜ FEATURE â€” Agendamiento Automatico Hospitalizacion","2026-01-22","broken","2026-01-22","","TC29 â€” Validar horarios disponibles por MÃ©dico y Terapia","",""
"","8","Debe permitir agregar la misma terapia dos veces","ğŸ“˜ FEATURE â€” Agendamiento Automatico Hospitalizacion","2026-01-22","broken","2026-01-22","","TC10 â€” Permitir terapia duplicada","",""
"","29863","Comprobar elementos en el campo y solo elegir 1 elemento","ğŸ“˜ FEATURE â€” ValoraciÃ³n Inicial - Instancia Salesforce","2026-01-26","passed","2026-01-26","","TC77 â€” Validar campo Si estÃ¡ embarazada, Â¿se encuentra en las Ãºltimas etapas de la gestaciÃ³n y ha notado dificultad para moverse o mantener el equilibrio?","",""
"","8720","Debe funcionar correctamente cuando se selecciona ""Si""","ğŸ“˜ FEATURE â€” ValoraciÃ³n Inicial - Instancia Salesforce","2026-01-26","failed","2026-01-26","","TC58 â€” Validar campo Â¿QuÃ© sustancia usas, cuÃ¡ntas veces y con quÃ© frecuencia?","",""
"","26214","Comprobar elementos de la lista y solo puede elegir 1 elemento de la lista","ğŸ“˜ FEATURE â€” ValoraciÃ³n Inicial - Instancia Salesforce","2026-01-26","passed","2026-01-26","","TC21 â€” Validar campo Idioma de preferencia","",""
"","28476","Comprobar elementos en el campo y solo elegir 1 elemento","ğŸ“˜ FEATURE â€” ValoraciÃ³n Inicial - Instancia Salesforce","2026-01-26","passed","2026-01-26","","TC67 â€” Validar campo Â¿Conoces alguna otra enfermedad importante que se repita en tu familia?","",""
"","32225","Comprobar elementos en el campo y solo elegir 1 elemento","ğŸ“˜ FEATURE â€” ValoraciÃ³n Inicial - Instancia Salesforce","2026-01-26","failed","2026-01-26","","TC92 â€” Validar campo Afectaciones en calidad de vida","",""
"","39410","El campo TelÃ©fono se muestra en layout para usuario Secretaria","ğŸ“˜ FEATURE â€” ValoraciÃ³n Inicial - Instancia Salesforce","2026-01-26","failed","2026-01-26","","TC04 â€” Verificar campo TelÃ©fono","",""
"","666","Debe mostrar la cuenta seleccionada en Parent Record","ğŸ“˜ FEATURE â€” Agendamiento Manual Externo","2026-01-22","passed","2026-01-22","","TC14 â€” Validar cuenta autocompletada en Agenda Cita","",""
"","2975","Solo debe mostrar Account en el combobox de Parent Record","ğŸ“˜ FEATURE â€” Agendamiento Manual Externo","2026-01-22","failed","2026-01-22","","TC16 â€” Validar Parent record solo admite account","",""
"","47791","Comprobar elementos en el campo y solo elegir 1 elemento","ğŸ“˜ FEATURE â€” ValoraciÃ³n Inicial - Instancia Salesforce","2026-01-26","passed","2026-01-26","","TC75 â€” Validar campo Â¿Ha experimentado episodios de desorientaciÃ³n, confusiÃ³n o comportamientos que le dificulten mantenerse seguro?","",""
"","27110","El campo solo debe aceptar texto, inidicar con un mensaje de advertencia","ğŸ“˜ FEATURE â€” ValoraciÃ³n Inicial - Instancia Salesforce","2026-01-26","failed","2026-01-26","","TC31 â€” Validar campo Â¿Desde cuÃ¡ndo presenta el padecimiento actual?","",""
"","6731","Debe funcionar correctamente cuando se selecciona ""Si""","ğŸ“˜ FEATURE â€” ValoraciÃ³n Inicial - Instancia Salesforce","2026-01-26","failed","2026-01-26","","TC42 â€” Validar campo Nombre del medicamento","",""
"","28275","Comprobar elementos en el campo y solo elegir 1 elemento","ğŸ“˜ FEATURE â€” ValoraciÃ³n Inicial - Instancia Salesforce","2026-01-26","passed","2026-01-26","","TC51 â€” Validar campo Â¿Has tenido algÃºn accidente fuerte o un golpe importante?","",""
"","30205","Comprobar elementos en el campo y solo elegir 1 elemento","ğŸ“˜ FEATURE â€” ValoraciÃ³n Inicial - Instancia Salesforce","2026-01-26","passed","2026-01-26","","TC65 â€” Validar campo Â¿Alguien en tu familia tiene problemas hormonales o de metabolismo?","",""
"","6","Al crear muchas citas en la misma fecha/terapia/Ã¡rea, debe fallar por disponibilidad de horario","ğŸ“˜ FEATURE â€” Agendamiento Automatico Hospitalizacion","2026-01-22","broken","2026-01-22","","TC13 â€” Al crear muchas citas debe fallar por disponibilidad","",""
"","28008","Debe existir el botÃ³n 'Crear Citas HospitalizaciÃ³n' en la cuenta","ğŸ“˜ FEATURE â€” Agendamiento Automatico Hospitalizacion","2026-01-27","passed","2026-01-27","","TC01 â€” BotÃ³n Crear Citas HospitalizaciÃ³n","",""
"","6","No debe mostrar ni permitir seleccionar una frecuencia invÃ¡lida","ğŸ“˜ FEATURE â€” Agendamiento Automatico Hospitalizacion","2026-01-22","broken","2026-01-22","","TC23 â€” Validar frecuencia no vÃ¡lida","",""
"","40292","Se muestra un mensaje de validaciÃ³n indicando que el formato no es vÃ¡lido","ğŸ“˜ FEATURE â€” ValoraciÃ³n Inicial - Instancia Salesforce","2026-01-26","failed","2026-01-26","","TC07 â€” Validar campo Email invÃ¡lido","",""
"","15683","Debe mostrarse el botÃ³n New","ğŸ“˜ FEATURE â€” Crear Cuentas Externo","2026-01-27","passed","2026-01-27","","TC01 â€” Acceso a Accounts y botÃ³n New","",""
"","11732","Comprobar elementos en el campo y solo elegir 1 elemento","ğŸ“˜ FEATURE â€” ValoraciÃ³n Inicial - Instancia Salesforce","2026-01-26","passed","2026-01-26","","TC97 â€” Validar campo Â¿Practica algÃºn deporte, hobbie o realiza alguna actividad recreativa frecuente?","",""
"","5","Debe validar el comportamiento del sistema cuando se intenta quitar la fecha","ğŸ“˜ FEATURE â€” Agendamiento Automatico Hospitalizacion","2026-01-22","broken","2026-01-22","","TC20 â€” Guardar sin fecha (validar comportamiento)","",""
"","26860","Comprobar elementos en el campo y solo elegir 1 elemento","ğŸ“˜ FEATURE â€” ValoraciÃ³n Inicial - Instancia Salesforce","2026-01-26","passed","2026-01-26","","TC41 â€” Validar campo Â¿Actualmente toma algÃºn medicamento?","",""
"","19866","Guardado de campos correctamente y visibilidad de los campos","ğŸ“˜ FEATURE â€” ValoraciÃ³n Inicial - Instancia Salesforce","2026-01-26","failed","2026-01-26","","TC102 â€” Ingresar como terapeuta valores correctos en los campos de cada secciÃ³n del componente de valoraciÃ³n inicial","",""
"","28557","Comprobar elementos en el campo y solo elegir 1 elemento","ğŸ“˜ FEATURE â€” ValoraciÃ³n Inicial - Instancia Salesforce","2026-01-26","passed","2026-01-26","","TC49 â€” Validar campo Â¿Alguna vez te han hecho una transfusiÃ³n de sangre?","",""
"","27754","Los campos deben ser visibles","ğŸ“˜ FEATURE â€” ValoraciÃ³n Inicial - Instancia Salesforce","2026-01-26","failed","2026-01-26","","TC18.1 â€” Preferencias visibles | Terapeuta","",""
"","9","No debe permitir seleccionar fechas pasadas","ğŸ“˜ FEATURE â€” Agendamiento Automatico Hospitalizacion","2026-01-22","broken","2026-01-22","","TC04 â€” Validar que fechas pasadas no estÃ©n disponibles","",""
"","8678","Debe funcionar correctamente cuando se selecciona ""Si""","ğŸ“˜ FEATURE â€” ValoraciÃ³n Inicial - Instancia Salesforce","2026-01-26","failed","2026-01-26","","TC56 â€” Validar campo Â¿CuÃ¡ntas y con quÃ© frecuencia?","",""
"","28048","Comprobar elementos en el campo y solo elegir 1 elemento","ğŸ“˜ FEATURE â€” ValoraciÃ³n Inicial - Instancia Salesforce","2026-01-26","passed","2026-01-26","","TC59 â€” Validar campo Â¿Alguien en tu familia ha tenido enfermedades del corazÃ³n o cardiovasculares?","",""
"","16187","Debe funcionar correctamente cuando se selecciona ""Aveces""","ğŸ“˜ FEATURE â€” ValoraciÃ³n Inicial - Instancia Salesforce","2026-01-26","failed","2026-01-26","","TC25 â€” Validar campo Indique por favor si quiere un GÃ©nero, Artista y/o mÃºsica ambiental","",""
"","12687","El campo solo debe aceptar texto, inidicar con un mensaje de advertencia","ğŸ“˜ FEATURE â€” ValoraciÃ³n Inicial - Instancia Salesforce","2026-01-26","failed","2026-01-26","","TC98 â€” Validar campo Â¿CuÃ¡l deporte, hobbie, actividad recreativa realiza?","",""
"","28609","Comprobar elementos en el campo y solo elegir 1 elemento","ğŸ“˜ FEATURE â€” ValoraciÃ³n Inicial - Instancia Salesforce","2026-01-26","passed","2026-01-26","","TC55 â€” Validar campo Â¿Tomas bebidas alcohÃ³licas?","",""
"","25540","La edad se calcula automÃ¡ticamente y se muestra en el campo Edad","ğŸ“˜ FEATURE â€” ValoraciÃ³n Inicial - Instancia Salesforce","2026-01-26","passed","2026-01-26","","TC03 â€” Validar que campo Edad","",""
"","7","Sin seleccionar Ãrea, la lista de terapias debe estar deshabilitada","ğŸ“˜ FEATURE â€” Agendamiento Automatico Hospitalizacion","2026-01-22","broken","2026-01-22","","TC07 â€” Sin Ãrea: no debe permitir agregar terapia","",""
"","28116","Comprobar elementos en el campo y solo elegir 1 elemento","ğŸ“˜ FEATURE â€” ValoraciÃ³n Inicial - Instancia Salesforce","2026-01-26","passed","2026-01-26","","TC63 â€” Validar campo Â¿AlgÃºn familiar ha tenido problemas de huesos o articulaciones?","",""
"","31143","El campo solo debe aceptar texto","ğŸ“˜ FEATURE â€” ValoraciÃ³n Inicial - Instancia Salesforce","2026-01-26","failed","2026-01-26","","TC87 â€” Validar campo Â¿CÃ³mo mejora o desaparece el dolor?","",""
"","40661","El campo muestra el valor de la nacionalidad del paciente sin opcion de ediciÃ³n","ğŸ“˜ FEATURE â€” ValoraciÃ³n Inicial - Instancia Salesforce","2026-01-26","failed","2026-01-26","","TC09 â€” Validar campo nacionalidad","",""
"","41731","El campo solo debe aceptar texto, inidicar con un mensaje de advertencia","ğŸ“˜ FEATURE â€” ValoraciÃ³n Inicial - Instancia Salesforce","2026-01-26","failed","2026-01-26","","TC40 â€” Validar campo Â¿Cuenta con algÃºn otro dispositivo mÃ©dico?","",""
"","8","Debe deshabilitar 'Agregar' si no se seleccionÃ³ un Ã¡rea","ğŸ“˜ FEATURE â€” Agendamiento Automatico Hospitalizacion","2026-01-22","broken","2026-01-22","","TC18 â€” Error al agregar terapia sin seleccionar Ã¡rea","",""
"","6","Debe generar Task de error al intentar agendar terapia conflictiva","ğŸ“˜ FEATURE â€” Agendamiento Automatico Hospitalizacion","2026-01-22","broken","2026-01-22","","TC27 â€” Validar conflicto por hora","",""
"","30000","Comprobar elementos en el campo y solo elegir 1 elemento","ğŸ“˜ FEATURE â€” ValoraciÃ³n Inicial - Instancia Salesforce","2026-01-26","passed","2026-01-26","","TC83 â€” Validar campo Â¿Ha sufrido alguna caÃ­da en los Ãºltimos seis meses?","",""
"","26991","El campo solo debe aceptar texto, inidicar con un mensaje de advertencia","ğŸ“˜ FEATURE â€” ValoraciÃ³n Inicial - Instancia Salesforce","2026-01-26","failed","2026-01-26","","TC28 â€” Validar campo Indique la mÃºsica ambiental","",""
"","30979","El campo solo debe aceptar texto","ğŸ“˜ FEATURE â€” ValoraciÃ³n Inicial - Instancia Salesforce","2026-01-26","failed","2026-01-26","","TC86 â€” Validar campo Â¿CuÃ¡ndo y cÃ³mo se presenta el dolor?","",""
"","31139","Comprobar elementos en el campo y solo elegir 1 elemento","ğŸ“˜ FEATURE â€” ValoraciÃ³n Inicial - Instancia Salesforce","2026-01-26","passed","2026-01-26","","TC45 â€” Validar campo Â¿Tienes alguna enfermedad con la que naciste (congÃ©nita)?","",""
"","16070","Debe funcionar correctamente cuando se selecciona ""Si""","ğŸ“˜ FEATURE â€” ValoraciÃ³n Inicial - Instancia Salesforce","2026-01-26","failed","2026-01-26","","TC25 â€” Validar campo Indique por favor si quiere un GÃ©nero, Artista y/o mÃºsica ambiental","",""
"","40612","El campo solo permite nÃºmeros","ğŸ“˜ FEATURE â€” ValoraciÃ³n Inicial - Instancia Salesforce","2026-01-26","failed","2026-01-26","","TC17 â€” Verificar que el campo NÃºmero de telefono familiar responsable solo acepte nÃºmeros","",""
"","10331","Comprobar elementos en el campo y solo elegir 1 elemento","ğŸ“˜ FEATURE â€” ValoraciÃ³n Inicial - Instancia Salesforce","2026-01-26","passed","2026-01-26","","TC94 â€” Validar campo Â¿CÃ³mo describirÃ­a su nivel de estrÃ©s actualmente?","",""
"","6","Debe deshabilitar Guardar al eliminar la terapia","ğŸ“˜ FEATURE â€” Agendamiento Automatico Hospitalizacion","2026-01-22","broken","2026-01-22","","TC24 â€” Validar eliminar terapia y bloqueo de Guardar","",""
"","26794","Comprobar elementos en el campo y solo elegir 1 elemento","ğŸ“˜ FEATURE â€” ValoraciÃ³n Inicial - Instancia Salesforce","2026-01-26","passed","2026-01-26","","TC32 â€” Validar campo Â¿Cuenta con Receta mÃ©dica?","",""
"","25132","Campos visibles para CoordinaciÃ³n clÃ­nica / CoordinaciÃ³n administrativa","ğŸ“˜ FEATURE â€” ValoraciÃ³n Inicial - Instancia Salesforce","2026-01-27","passed","2026-01-27","","TC15 â€” Comprobar visibilidad de los campos: Nombre contacto de emergencia, parentesco, nÃºmero de telÃ©fono familiar responsable por usuario","",""
"","19234","Debe mostrar todos los campos con los valores previamente capturados","ğŸ“˜ FEATURE â€” ValoraciÃ³n Inicial - Instancia Salesforce","2026-01-26","failed","2026-01-26","","TC105 â€” Validar que se muestre la informaciÃ³n llenada por el usuario de la valoraciÃ³n inicial","",""
"","26290","El campo solo debe aceptar texto, inidicar con un mensaje de advertencia","ğŸ“˜ FEATURE â€” ValoraciÃ³n Inicial - Instancia Salesforce","2026-01-26","failed","2026-01-26","","TC20 â€” Validar campo Â¿CÃ³mo te gusta que lo / te llamen?, Tienes algÃºn sobrenombre o apodo que le/te guste?","",""
"","25576","Campos visibles para secretaria","ğŸ“˜ FEATURE â€” ValoraciÃ³n Inicial - Instancia Salesforce","2026-01-26","failed","2026-01-26","","TC14 â€” Comprobar visibilidad de los campos: Nombre contacto de emergencia, parentesco, nÃºmero de telÃ©fono familiar responsable por usuario","",""
"","29996","Comprobar elementos en el campo y solo elegir 1 elemento","ğŸ“˜ FEATURE â€” ValoraciÃ³n Inicial - Instancia Salesforce","2026-01-26","passed","2026-01-26","","TC69 â€” Validar campo Auxiliares de marcha","",""
"","31190","Comprobar elementos en el campo y solo elegir 1 elemento","ğŸ“˜ FEATURE â€” ValoraciÃ³n Inicial - Instancia Salesforce","2026-01-26","passed","2026-01-26","","TC88 â€” Validar campo Tiene alguna limitaciÃ³n al movimiento","",""
"","6","BotÃ³n Agregar habilitado y al click aumenta la lista de terapias","ğŸ“˜ FEATURE â€” Agendamiento Automatico Hospitalizacion","2026-01-22","broken","2026-01-22","","TC08 â€” Con Ãrea y Terapia: debe permitir agregar","",""
"","30770","El campo solo debe aceptar texto, inidicar con un mensaje de advertencia","ğŸ“˜ FEATURE â€” ValoraciÃ³n Inicial - Instancia Salesforce","2026-01-26","failed","2026-01-26","","TC36 â€” Validar campo Especificar alergias","",""
"","29860","Comprobar elementos en el campo y solo elegir 1 elemento","ğŸ“˜ FEATURE â€” ValoraciÃ³n Inicial - Instancia Salesforce","2026-01-26","passed","2026-01-26","","TC84 â€” Validar campo Â¿Ha donado sangre recientemente y ha sentido debilidad o mareo despuÃ©s del procedimiento?","",""
"","29442","Comprobar elementos en el campo y solo elegir 1 elemento","ğŸ“˜ FEATURE â€” ValoraciÃ³n Inicial - Instancia Salesforce","2026-01-26","passed","2026-01-26","","TC73 â€” Validar campo Â¿Siente que la edad ha afectado su fuerza, equilibrio o capacidad para moverse con seguridad?","",""
"","30252","Debe funcionar correctamente cuando se selecciona ""Si"" / Comprobar elementos en el campo y solo elegir 1 elemento","ğŸ“˜ FEATURE â€” ValoraciÃ³n Inicial - Instancia Salesforce","2026-01-26","passed","2026-01-26","","TC70 â€” Validar campo Especificar Auxiliares de marcha","",""
"","7","No debe permitir guardar si Ãrea contiene solo espacios","ğŸ“˜ FEATURE â€” Agendamiento Automatico Hospitalizacion","2026-01-22","broken","2026-01-22","","TC26 â€” Validar espacios en campos obligatorios","",""
"","681","Debe abrir el modal Agenda Cita","ğŸ“˜ FEATURE â€” Agendamiento Manual Externo","2026-01-22","passed","2026-01-22","","TC13 â€” Abrir Agenda Cita","",""
"","29572","Comprobar elementos en el campo y solo elegir 1 elemento","ğŸ“˜ FEATURE â€” ValoraciÃ³n Inicial - Instancia Salesforce","2026-01-26","passed","2026-01-26","","TC78 â€” Validar campo Â¿Tiene dificultades importantes para ver, incluso con el uso de lentes?","",""
"","28581","Comprobar elementos en el campo y solo elegir 1 elemento","ğŸ“˜ FEATURE â€” ValoraciÃ³n Inicial - Instancia Salesforce","2026-01-26","passed","2026-01-26","","TC47 â€” Validar campo Â¿Tuviste alguna enfermedad importante cuando eras niÃ±o o niÃ±a?","",""
"","7","Debe mantener Guardar deshabilitado si no se agregan terapias","ğŸ“˜ FEATURE â€” Agendamiento Automatico Hospitalizacion","2026-01-22","broken","2026-01-22","","TC19 â€” Bloqueo sin terapias","",""
"","29432","Comprobar elementos en el campo y solo elegir 1 elemento","ğŸ“˜ FEATURE â€” ValoraciÃ³n Inicial - Instancia Salesforce","2026-01-26","passed","2026-01-26","","TC81 â€” Validar campo Â¿Ha estado en reposo por un tiempo prolongado y siente que ha perdido fuerza para caminar o mantenerse de pie?","",""
"","19217","Guardado de campos correctamente y visibilidad de los campos","ğŸ“˜ FEATURE â€” ValoraciÃ³n Inicial - Instancia Salesforce","2026-01-26","failed","2026-01-26","","TC103 â€” Ingresar como secretaria valores correctos en los campos de cada secciÃ³n del componente de valoraciÃ³n inicial","",""
"","47692","Se debe poder adjuntar un archivo y guardarse en la cuenta del paciente","ğŸ“˜ FEATURE â€” ValoraciÃ³n Inicial - Instancia Salesforce","2026-01-26","passed","2026-01-26","","TC33 â€” Validar campo Adjuntar archivo","",""
"","8698","Debe funcionar correctamente cuando se selecciona ""Si""","ğŸ“˜ FEATURE â€” ValoraciÃ³n Inicial - Instancia Salesforce","2026-01-26","failed","2026-01-26","","TC60 â€” Validar campo Â¿QuÃ© tipo de enfermedad?, Â¿QuÃ© familiar la tuvo?","",""
"","6","Debe crear solo una Work Order aunque se haga doble click en Guardar","ğŸ“˜ FEATURE â€” Agendamiento Automatico Hospitalizacion","2026-01-22","broken","2026-01-22","","TC25 â€” Validar doble click en Guardar (Work Order Ãºnica)","",""
"","8674","Debe funcionar correctamente cuando se selecciona ""Si""","ğŸ“˜ FEATURE â€” ValoraciÃ³n Inicial - Instancia Salesforce","2026-01-26","failed","2026-01-26","","TC62 â€” Validar campo Â¿QuÃ© tipo de cÃ¡ncer?, Â¿QuÃ© familiar lo tuvo?","",""
"","29340","El campo solo debe aceptar texto, inidicar con un mensaje de advertencia","ğŸ“˜ FEATURE â€” ValoraciÃ³n Inicial - Instancia Salesforce","2026-01-26","failed","2026-01-26","","TC26 â€” Validar campo Indique el gÃ©nero","",""
"","28175","Comprobar elementos en el campo y solo elegir 1 elemento","ğŸ“˜ FEATURE â€” ValoraciÃ³n Inicial - Instancia Salesforce","2026-01-26","passed","2026-01-26","","TC61 â€” Validar campo Â¿Hay antecedentes de cÃ¡ncer en tu familia?","",""
"","40773","El campo solo permite el ingreso de texto","ğŸ“˜ FEATURE â€” ValoraciÃ³n Inicial - Instancia Salesforce","2026-01-26","failed","2026-01-26","","TC12 â€” Validar campo Nombre contacto de emergencia solo acepte texto","",""
"","8677","Debe funcionar correctamente cuando se selecciona ""Si""","ğŸ“˜ FEATURE â€” ValoraciÃ³n Inicial - Instancia Salesforce","2026-01-26","failed","2026-01-26","","TC64 â€” Validar campo Â¿QuÃ© tipo de problema?, Â¿QuÃ© familiar lo tuvo?","",""
"","9","Debe mostrarse el botÃ³n 'Agenda Cita'","ğŸ“˜ FEATURE â€” Agendamiento Manual Externo","2026-01-27","passed","2026-01-27","","TC12 â€” Mostrar botÃ³n Agenda Cita","",""
"","25284","El terapeuta no debe ver el campo Email","ğŸ“˜ FEATURE â€” ValoraciÃ³n Inicial - Instancia Salesforce","2026-01-26","passed","2026-01-26","","TC08 â€” Validar que el campo Email no sea visible","",""
"","11901","Debe mostrar las opciones correctas y permitir seleccionar solo un elemento","ğŸ“˜ FEATURE â€” ValoraciÃ³n Inicial - Instancia Salesforce","2026-01-26","passed","2026-01-26","","TC100 â€” Validar campo Â¿Su lesiÃ³n ha afectado la prÃ¡ctica de este deporte o actividad?","",""
"","8","El botÃ³n Guardar debe estar deshabilitado cuando no hay datos","ğŸ“˜ FEATURE â€” Agendamiento Automatico Hospitalizacion","2026-01-22","broken","2026-01-22","","TC03 â€” Guardar deshabilitado con formulario vacÃ­o","",""
"","8696","Debe funcionar correctamente cuando se selecciona ""Si""","ğŸ“˜ FEATURE â€” ValoraciÃ³n Inicial - Instancia Salesforce","2026-01-26","failed","2026-01-26","","TC54 â€” Validar campo Â¿CuÃ¡ntos cigarrillos al dÃ­a? Â¿Desde cuÃ¡ndo?","",""
"","8659","Debe funcionar correctamente cuando se selecciona ""Si""","ğŸ“˜ FEATURE â€” ValoraciÃ³n Inicial - Instancia Salesforce","2026-01-26","failed","2026-01-26","","TC68 â€” Validar campo Â¿CuÃ¡l es?, Â¿QuiÃ©n la tiene o la tuvo?","",""
"","29440","Comprobar elementos en el campo y solo elegir 1 elemento","ğŸ“˜ FEATURE â€” ValoraciÃ³n Inicial - Instancia Salesforce","2026-01-26","passed","2026-01-26","","TC74 â€” Validar campo Â¿Tiene alguna condiciÃ³n o lesiÃ³n que le dificulte caminar o moverse con normalidad?","",""
"","9","Debe mostrarse el botÃ³n 'Agenda Cita'","TC12 â€” Mostrar botÃ³n Agenda Cita","2026-01-27","passed","2026-01-27","","","",""
"","30000","Comprobar elementos en el campo y solo elegir 1 elemento","ğŸ“˜ FEATURE â€” ValoraciÃ³n Inicial - Instancia Salesforce","2026-01-26","passed","2026-01-26","","TC76 â€” Validar campo Â¿Recientemente le han realizado estudios o procedimientos cardÃ­acos que hayan afectado su presiÃ³n arterial o le hayan provocado mareos?","",""
"","26763","El campo solo debe aceptar texto, inidicar con un mensaje de advertencia","ğŸ“˜ FEATURE â€” ValoraciÃ³n Inicial - Instancia Salesforce","2026-01-26","failed","2026-01-26","","TC27 â€” Validar campo Indique al artista","",""
"","40603","El campo fecha de nacimiento deberÃ¡ mostrar la fecha de nacimiento del paciente","ğŸ“˜ FEATURE â€” ValoraciÃ³n Inicial - Instancia Salesforce","2026-01-26","failed","2026-01-26","","TC02 â€” Comprobar el campo Fecha de Nacimiento","",""
"","40425","Comprobar elementos de la lista y solo puede elegir 1 elemento de la lista","ğŸ“˜ FEATURE â€” ValoraciÃ³n Inicial - Instancia Salesforce","2026-01-26","failed","2026-01-26","","TC22 â€” Validar campo Elija la intensidad de la luz de su preferencia","",""
"","25389","El terapeuta no debe ver el campo TelÃ©fono","ğŸ“˜ FEATURE â€” ValoraciÃ³n Inicial - Instancia Salesforce","2026-01-26","passed","2026-01-26","","TC06 â€” Verificar campo TelÃ©fono no visible para Terapeuta","",""
"","8617","Debe funcionar correctamente cuando se selecciona ""Si""","ğŸ“˜ FEATURE â€” ValoraciÃ³n Inicial - Instancia Salesforce","2026-01-26","failed","2026-01-26","","TC46 â€” Validar campo Â¿CuÃ¡l es enfermedad congÃ©nita?","",""
"","31648","Comprobar elementos en el campo y solo elegir 1 elemento","ğŸ“˜ FEATURE â€” ValoraciÃ³n Inicial - Instancia Salesforce","2026-01-26","passed","2026-01-26","","TC91 â€” Validar campo Â¿Esta condiciÃ³n a afectado su calidad de vida?","",""
"","25167","Los roles de CoordinaciÃ³n clÃ­nica y CoordinaciÃ³n administrativa deben poder ver los campos","ğŸ“˜ FEATURE â€” ValoraciÃ³n Inicial - Instancia Salesforce","2026-01-27","passed","2026-01-27","","TC11 â€” Verificar que el campo Nacionalidad no sea visible","",""
"","8666","Debe funcionar correctamente cuando se selecciona ""Si""","ğŸ“˜ FEATURE â€” ValoraciÃ³n Inicial - Instancia Salesforce","2026-01-26","failed","2026-01-26","","TC50 â€” Validar campo Â¿Por quÃ© fue necesaria la transfusiÃ³n?, si recuerdas Â¿cuando la realizaron?","",""
"","8752","Debe funcionar correctamente cuando se selecciona ""Si""","ğŸ“˜ FEATURE â€” ValoraciÃ³n Inicial - Instancia Salesforce","2026-01-26","failed","2026-01-26","","TC52 â€” Validar campo CuÃ©ntame quÃ© pasÃ³, cuÃ¡ndo fue y si tuviste alguna secuela o tratamiento.","",""
"","24773","Debe funcionar correctamente cuando se selecciona ""Si""","ğŸ“˜ FEATURE â€” ValoraciÃ³n Inicial - Instancia Salesforce","2026-01-26","failed","2026-01-26","","TC90 â€” Validar campo Especificar limite en sus actividades cotidianas","",""
"","8","Debe encontrar cada Ã¡rea al buscarla","ğŸ“˜ FEATURE â€” Agendamiento Automatico Hospitalizacion","2026-01-22","broken","2026-01-22","","TC05 â€” Ãreas HospitalizaciÃ³n lista completa","",""
"","8","Debe mostrar las terapias configuradas para Piso 1","ğŸ“˜ FEATURE â€” Agendamiento Automatico Hospitalizacion","2026-01-22","broken","2026-01-22","","TC06 â€” Terapias filtradas por Ãrea de AtenciÃ³n","",""
"","46837","Comprobar elementos en el campo y solo elegir 1 elemento","ğŸ“˜ FEATURE â€” ValoraciÃ³n Inicial - Instancia Salesforce","2026-01-26","failed","2026-01-26","","TC89 â€” Validar campo Limita sus actividades cotidianas","",""
"","29900","Comprobar elementos en el campo y solo elegir 1 elemento","ğŸ“˜ FEATURE â€” ValoraciÃ³n Inicial - Instancia Salesforce","2026-01-26","passed","2026-01-26","","TC80 â€” Validar campo Â¿Ha notado que al levantarse rÃ¡pidamente de una silla o cama siente mareo o aturdimiento?","",""
"","25233","Campos no visibles para el terapeuta","ğŸ“˜ FEATURE â€” ValoraciÃ³n Inicial - Instancia Salesforce","2026-01-26","passed","2026-01-26","","TC13 â€” Comprobar visibilidad de los campos: Nombre contacto de emergencia, parentesco, nÃºmero de telÃ©fono familiar responsable por usuario","",""
"","5","Debe crear la cita, mostrarse en calendario y existir en Work Orders","ğŸ“˜ FEATURE â€” Agendamiento Automatico Hospitalizacion","2026-01-22","broken","2026-01-22","","TC12 â€” Crear cita con datos completos y validar evento en calendario y Work Order","",""
"","10348","Comprobar elementos en el campo y solo elegir 1 elemento","ğŸ“˜ FEATURE â€” ValoraciÃ³n Inicial - Instancia Salesforce","2026-01-26","passed","2026-01-26","","TC96 â€” Validar campo Â¿Cree que la falta de sueÃ±o ha empeorado su padecimiento?","",""
"","10024","Comprobar elementos en el campo y solo elegir 1 elemento","ğŸ“˜ FEATURE â€” ValoraciÃ³n Inicial - Instancia Salesforce","2026-01-26","passed","2026-01-26","","TC93 â€” Validar campo Â¿Ha notado si su estrÃ©s o estado emocional afecta su dolor o malestar?","",""
"","8658","Debe funcionar correctamente cuando se selecciona ""Si""","ğŸ“˜ FEATURE â€” ValoraciÃ³n Inicial - Instancia Salesforce","2026-01-26","failed","2026-01-26","","TC66 â€” Validar campo Â¿QuÃ© tipo de enfermedad?, Â¿QuÃ© familiar la tuvo?","",""
"","29660","Este campo solo se muestra si en el campo: Alergias, se selecciona: Si, especificar","ğŸ“˜ FEATURE â€” ValoraciÃ³n Inicial - Instancia Salesforce","2026-01-26","passed","2026-01-26","","TC35 â€” Validar visibilidad de campo Especificar alergias","",""
"","10348","Comprobar elementos en el campo y solo elegir 1 elemento","ğŸ“˜ FEATURE â€” ValoraciÃ³n Inicial - Instancia Salesforce","2026-01-26","passed","2026-01-26","","TC95 â€” Validar campo Â¿CÃ³mo ha sido su calidad de sueÃ±o en las Ãºltimas semanas?","",""
"","40836","El campo muestra todos los valores correspondientes","ğŸ“˜ FEATURE â€” ValoraciÃ³n Inicial - Instancia Salesforce","2026-01-26","failed","2026-01-26","","TC16 â€” Validar opciones del campo Parentesco","",""
"","28026","Comprobar elementos en el campo y solo elegir 1 elemento","ğŸ“˜ FEATURE â€” ValoraciÃ³n Inicial - Instancia Salesforce","2026-01-26","passed","2026-01-26","","TC57 â€” Validar campo Â¿Usas alguna droga o sustancia recreativa?","",""
"","25115","Comprobar elementos de la lista y solo puede elegir 1 elemento de la lista","ğŸ“˜ FEATURE â€” ValoraciÃ³n Inicial - Instancia Salesforce","2026-01-27","passed","2026-01-27","","TC23 â€” Validar campo Durante su terapia, Â¿Le gustarÃ­a conversar?","",""
"","28586","Comprobar elementos en el campo y solo elegir 1 elemento","ğŸ“˜ FEATURE â€” ValoraciÃ³n Inicial - Instancia Salesforce","2026-01-26","passed","2026-01-26","","TC43 â€” Validar campo Alguna vez te han hecho una cirugÃ­a?","",""
"","8634","Debe funcionar correctamente cuando se selecciona ""Si""","ğŸ“˜ FEATURE â€” ValoraciÃ³n Inicial - Instancia Salesforce","2026-01-26","failed","2026-01-26","","TC44 â€” Validar campo Tipo de cirugÃ­a y fecha","",""
"","25115","Los campos deben ser visibles","ğŸ“˜ FEATURE â€” ValoraciÃ³n Inicial - Instancia Salesforce","2026-01-27","failed","2026-01-27","","TC18.3 â€” Preferencias visibles | CoordinaciÃ³n","",""
"","7","Debe mostrar Ãºnicamente 'Semanal' y 'Del dÃ­a' en frecuencia","ğŸ“˜ FEATURE â€” Agendamiento Automatico Hospitalizacion","2026-01-22","broken","2026-01-22","","TC14 â€” Validar lista de frecuencias","",""
"","26363","Comprobar elementos en el campo y solo elegir 1 elemento","ğŸ“˜ FEATURE â€” ValoraciÃ³n Inicial - Instancia Salesforce","2026-01-26","passed","2026-01-26","","TC19 â€” Validar campo Â¿Le gusta que le hablen de usted o de tÃº?","",""
"","29401","Comprobar elementos en el campo y solo elegir 1 elemento","ğŸ“˜ FEATURE â€” ValoraciÃ³n Inicial - Instancia Salesforce","2026-01-26","passed","2026-01-26","","TC79 â€” Validar campo Â¿Ha pasado largos periodos sin comer, sintiendo debilidad o mareo al ponerse de pie?","",""
"","24936","Comprobar elementos de la lista y solo puede elegir 1 elemento de la lista","ğŸ“˜ FEATURE â€” ValoraciÃ³n Inicial - Instancia Salesforce","2026-01-26","passed","2026-01-26","","TC24 â€” Validar campo Durante su terapia, Â¿Le gustarÃ­a escuchar mÃºsica?","",""
"","21929","Los campos deben ser visibles","ğŸ“˜ FEATURE â€” ValoraciÃ³n Inicial - Instancia Salesforce","2026-01-26","failed","2026-01-26","","TC18.2 â€” Preferencias visibles | Secretaria","",""
"","6","Debe no agendar cita y generar Task cuando no existen horarios disponibles","ğŸ“˜ FEATURE â€” Agendamiento Automatico Hospitalizacion","2026-01-22","broken","2026-01-22","","TC28 â€” Validar horarios por Territorio vs MÃ©dico","",""
"","6","Debe bloquear el guardado cuando se selecciona una fecha pasada","ğŸ“˜ FEATURE â€” Agendamiento Automatico Hospitalizacion","2026-01-22","broken","2026-01-22","","TC21 â€” Validar fecha pasada desde calendario","",""
"","11945","El campo solo debe aceptar texto, inidicar con un mensaje de advertencia","ğŸ“˜ FEATURE â€” ValoraciÃ³n Inicial - Instancia Salesforce","2026-01-26","failed","2026-01-26","","TC99 â€” Validar campo Frecuencia semanal de la actividad","",""
"","3201","Debe mostrar error y no permitir avanzar sin Parent Record","ğŸ“˜ FEATURE â€” Agendamiento Manual Externo","2026-01-22","passed","2026-01-22","","TC15 â€” Validar cuenta seleccionada","",""
"","6","Debe habilitar el botÃ³n Guardar cuando hay frecuencia, fecha, Ã¡rea y al menos 1 terapia","ğŸ“˜ FEATURE â€” Agendamiento Automatico Hospitalizacion","2026-01-22","broken","2026-01-22","","TC11 â€” Con datos completos: Guardar debe habilitarse","",""
"","11937","Debe mostrar las opciones correctas y permitir seleccionar solo un elemento","ğŸ“˜ FEATURE â€” ValoraciÃ³n Inicial - Instancia Salesforce","2026-01-26","passed","2026-01-26","","TC101 â€” Validar campo Â¿Este deporte o actividad ayuda a mejorar su padecimiento?","",""
"","6","Debe bloquear creaciÃ³n de cita fuera de horario por conflicto con el mismo paciente","ğŸ“˜ FEATURE â€” Agendamiento Automatico Hospitalizacion","2026-01-22","broken","2026-01-22","","TC30 â€” Asignar terapia donde ya hay otra con el mismo paciente","",""
"","6","Debe dejar la semana completa con citas (de hoy a viernes)","ğŸ“˜ FEATURE â€” Agendamiento Automatico Hospitalizacion","2026-01-22","broken","2026-01-22","","TC33 â€” Crear cita hoy + semanal y validar semana completa","",""
